Id,INTPTLAT10,INTPTLON10
48085031624,33.0228906,-96.759966
48085031630,33.0791782,-96.7300526
48085031623,33.0230562,-96.7211515
48085031625,33.0338264,-96.7617121
48085031708,32.9928098,-96.8051254
48085031505,33.0898066,-96.6998116
48085031504,33.1075966,-96.6391141
48085031506,33.0905501,-96.6711733
48085032008,33.0408055,-96.667044
48085031805,32.9902333,-96.7034743
48085032012,33.0360143,-96.6894767
48085030520,33.1821731,-96.7937592
48085030521,33.1815113,-96.7760686
48085030524,33.2080096,-96.7545497
48085030519,33.2037285,-96.8088805
48085031621,33.0186833,-96.7813709
48085031704,32.9924767,-96.8365213
48085031647,33.0359512,-96.8367527
48085031653,33.0473086,-96.7843558
48085031649,33.0207666,-96.8180137
48085031643,33.0641604,-96.7430281
48085031632,33.0763447,-96.701825
48085030530,33.181761,-96.6885949
48085030515,33.1667505,-96.6892247
48085030404,33.1428488,-96.7964158
48085030301,33.2422958,-96.7071737
48085030527,33.2070393,-96.6836108
48085031622,33.0339193,-96.7204964
48085030900,33.1818524,-96.6013071
48085030601,33.1777046,-96.6504146
48085031100,33.1415063,-96.3740648
48085030100,33.2943131,-96.3974783
48085030528,33.1786392,-96.6752773
48085031806,33.0004871,-96.7397507
48085031719,32.9942717,-96.7736033
48085031720,32.9889844,-96.7727489
48085031718,32.9920775,-96.7869769
48085031715,33.0076501,-96.807957
48085031716,33.0009388,-96.8003643
48085031713,33.0023401,-96.8245577
48085031714,33.0081469,-96.82066
48085031712,33.0097784,-96.8388787
48085031663,33.0829813,-96.7825316
48085031664,33.0750742,-96.781597
48085031807,33.0116091,-96.7495611
48085031655,33.0308471,-96.78282
48085031654,33.0382754,-96.7817537
48085031409,33.0670409,-96.6621259
48085032013,33.0540065,-96.6886424
48085031405,33.1252378,-96.6919743
48085031508,33.1146264,-96.6613536
48085031410,33.0916309,-96.6443183
48085032011,32.9978885,-96.6441237
48085031317,32.9944965,-96.587216
48085031315,33.0319048,-96.5866769
48085031309,33.0149111,-96.5597476
48085031308,33.0351982,-96.5279072
48085031310,33.0043851,-96.5067861
48085031202,33.0018783,-96.3996405
48085030514,33.159396,-96.6716306
48085031408,33.0917368,-96.6148115
48085031314,33.0631196,-96.5546878
48085030512,33.1294791,-96.7421818
48085031661,33.0988156,-96.7862644
48085030505,33.111593,-96.8129905
48085031656,33.0731573,-96.8316004
48085031658,33.0680843,-96.812571
48085031660,33.090464,-96.795255
48085031657,33.0824089,-96.8132244
48085031711,33.0019565,-96.8357321
48085030509,33.1224282,-96.7920657
48085030507,33.1137804,-96.7738093
48085030508,33.1248424,-96.7804972
48085030510,33.1341703,-96.7771865
48085032010,33.0160845,-96.6491913
48085031316,32.9986133,-96.6239054
48085031313,33.0540545,-96.6115664
48085031411,33.0678343,-96.6353519
48085031312,33.0356443,-96.6463989
48085030522,33.1889245,-96.7590841
48085030511,33.141909,-96.7603652
48085030523,33.1890163,-96.7416208
48085030516,33.1660775,-96.710776
48085030526,33.2107433,-96.7108276
48085030525,33.1943421,-96.721981
48085030529,33.1814139,-96.7249721
48085030531,33.1850242,-96.7056186
48085030517,33.1629132,-96.7235583
48085030605,33.2263677,-96.6628586
48085030701,33.2263903,-96.6166393
48085030603,33.2038769,-96.6541598
48085030802,33.1882683,-96.6255761
48085030702,33.2036181,-96.6248928
48085030801,33.1753702,-96.6329136
48085031406,33.1342255,-96.6315163
48085031407,33.1269139,-96.5738493
48085030304,33.2423627,-96.8136533
48085030303,33.2376244,-96.7791152
48085030302,33.2397752,-96.7447463
48085030305,33.3240314,-96.7544404
48085030202,33.3407704,-96.6428448
48085030604,33.2438459,-96.6427242
48085031201,33.0456907,-96.3785922
48085030203,33.3418691,-96.5456122
48085031004,33.1517471,-96.4831572
48085032009,32.9896787,-96.6590089
48085031709,33.0043451,-96.7824907
48085031706,32.9930127,-96.8209776
48085031652,33.063899,-96.7811639
48085031645,33.0506979,-96.8364889
48085031648,33.034225,-96.8116071
48085031640,33.111716,-96.7415073
48085031641,33.0936873,-96.7417841
48085031639,33.1081443,-96.7593474
48085031638,33.0942216,-96.7605662
48085030403,33.1642099,-96.8134859
48085030408,33.1535041,-96.8262022
48085031637,33.0792969,-96.7619454
48085031633,33.0680132,-96.7257628
48085031001,33.1159592,-96.5102687
48085031804,32.9948991,-96.749995
48085032004,33.0234499,-96.6728432
48085032003,33.0247974,-96.6907101
48085031900,33.01049,-96.6898623
48085030513,33.1446238,-96.7074868
48085030518,33.1672397,-96.7779891
48085031659,33.0808991,-96.7969235
48085030201,33.2641858,-96.5348754
48085031003,33.2050835,-96.5324034
48085031507,33.1072556,-96.686503
48085031311,32.9928002,-96.5446436
48085031717,33.0066102,-96.7986044
48085031802,33.0081449,-96.7211948
48085031646,33.0531091,-96.8134817
48085031642,33.0787597,-96.7434363
48085031634,33.0610337,-96.7250913
48085031636,33.0641662,-96.7606924
48085031635,33.062896,-96.704831
48085030504,33.1003972,-96.8341506
48085030406,33.1325049,-96.8116664
48085030405,33.1310004,-96.797022
48085030407,33.1274919,-96.8340862
48085031662,33.092167,-96.7791585
48085030506,33.1098901,-96.7997965
48085031631,33.0775002,-96.7174159
48085031613,33.0490167,-96.742621
48085031612,33.0490717,-96.7610943
48085031611,33.0486352,-96.7051228
48085031629,33.04726,-96.7235058
48085031626,33.0230459,-96.7423723
48085031628,33.0528182,-96.721936
48085031627,33.034976,-96.7422925
48113014133,32.8701044,-97.0029707
48113980000,32.8892351,-97.012816
48113014134,32.9804714,-96.9854031
48113014135,32.9736434,-96.9825126
48113014131,32.9334134,-96.9486751
48113014132,32.9430216,-96.945996
48113018505,32.9067088,-96.713857
48113013625,32.9432154,-96.8203727
48113010704,32.7369857,-96.9078149
48113010801,32.7149603,-96.9000079
48113010803,32.6984258,-96.876343
48113010902,32.6584346,-96.8638061
48113011001,32.6817052,-96.8486547
48113011002,32.6819456,-96.8321352
48113011101,32.6581693,-96.8479962
48113011103,32.6682188,-96.8310316
48113011104,32.6518263,-96.8352632
48113016615,32.5753391,-96.9334073
48113016616,32.5547342,-96.9450378
48113016617,32.6100191,-96.8811713
48113016618,32.6021911,-96.8653427
48113016619,32.6115464,-96.8490569
48113016620,32.5928543,-96.8416911
48113019202,32.9459399,-96.7468299
48113019203,32.9568544,-96.7416435
48113019204,32.9539786,-96.7623134
48113018122,32.9689086,-96.5599793
48113017900,32.8174784,-96.654662
48113017806,32.8045623,-96.6599244
48113017805,32.7869383,-96.6473624
48113013009,32.887236,-96.7131528
48113013008,32.8859478,-96.7236148
48113013623,32.9423526,-96.8081096
48113013621,32.9605446,-96.8087578
48113013622,32.949618,-96.811082
48113013010,32.868814,-96.6802314
48113012604,32.8427073,-96.6459779
48113017605,32.7545414,-96.644194
48113017606,32.7571114,-96.6290236
48113010904,32.6755864,-96.8721024
48113011105,32.6525685,-96.8268568
48113013101,32.9027136,-96.7789378
48113013102,32.8876704,-96.7818016
48113013200,32.9173463,-96.7857196
48113013300,32.902679,-96.7933933
48113013400,32.902116,-96.8113847
48113013500,32.9023925,-96.828527
48113013605,32.9699569,-96.7749458
48113019208,32.9321857,-96.7652581
48113019301,32.856345,-96.7818523
48113019302,32.8446379,-96.7804772
48113019400,32.8477546,-96.791368
48113019501,32.8580129,-96.7993586
48113019502,32.8446102,-96.8063284
48113019600,32.8314269,-96.7876412
48113019700,32.832828,-96.7967924
48113013007,32.8696651,-96.6939127
48113013005,32.8748851,-96.7049194
48113013004,32.8699275,-96.7214179
48113012900,32.8498924,-96.7118285
48113012800,32.8552398,-96.6881599
48113012702,32.8397419,-96.6761172
48113015900,32.735462,-96.9697379
48113016521,32.6817044,-96.956399
48113016413,32.6653644,-97.0081972
48113016412,32.660822,-96.993027
48113014137,32.8924948,-96.9459256
48113013606,32.9560756,-96.7952673
48113013607,32.9562506,-96.77772
48113013608,32.9387313,-96.7951918
48113013609,32.9451778,-96.7771517
48113013610,32.9322571,-96.7776258
48113013611,32.9779621,-96.8140173
48113013615,32.9328198,-96.8082826
48113019800,32.8294841,-96.8100103
48113019900,32.7381157,-96.8885647
48113005600,32.7123835,-96.8208122
48113011500,32.7347662,-96.7268403
48113017813,32.8019608,-96.6190307
48113012209,32.8127017,-96.7039329
48113002200,32.7901761,-96.7801634
48113009103,32.7406358,-96.7044158
48113009105,32.7383023,-96.6911076
48113018120,32.9338273,-96.5940817
48113012601,32.8547596,-96.6601709
48113012500,32.8297473,-96.666781
48113012400,32.8282285,-96.6848089
48113012302,32.8078631,-96.6755001
48113012206,32.7870613,-96.7088763
48113007819,32.8655737,-96.7594157
48113014312,32.8701473,-96.961996
48113014205,32.8568657,-96.9400304
48113013727,32.9668631,-96.8383096
48113013805,32.9365974,-96.8514403
48113013806,32.934965,-96.8377949
48113007909,32.8534756,-96.7665915
48113013616,32.9556844,-96.8245288
48113013617,32.9818782,-96.795958
48113013618,32.9825622,-96.7764651
48113013619,32.9706285,-96.7951314
48113013711,32.9424744,-96.887038
48113013712,32.9425882,-96.8782347
48113013713,32.9449808,-96.9013439
48113016804,32.598079,-96.8010907
48113016704,32.6171918,-96.7758836
48113016705,32.6060748,-96.78721
48113016701,32.6566394,-96.7737765
48113011401,32.6793991,-96.7693476
48113011300,32.6662759,-96.7955554
48113011200,32.6629392,-96.814449
48113012204,32.8005197,-96.7048389
48113012211,32.8022214,-96.6890354
48113012207,32.785962,-96.6844694
48113012208,32.7997102,-96.7221906
48113012100,32.7695594,-96.6608539
48113012000,32.7558865,-96.6583533
48113007910,32.8573642,-96.7615318
48113007825,32.8936894,-96.7346404
48113007824,32.8778369,-96.7381193
48113007826,32.8712502,-96.734187
48113007827,32.882557,-96.7317495
48113013011,32.8780414,-96.6923776
48113018506,32.8978057,-96.6970701
48113013714,32.9481362,-96.8946085
48113013715,32.9499752,-96.8763847
48113013716,32.9695313,-96.905794
48113013717,32.9590524,-96.9017557
48113013718,32.9601862,-96.8917345
48113013719,32.9805745,-96.9137077
48113013720,32.9809638,-96.8867624
48113013721,32.9763628,-96.8715328
48113008900,32.7431938,-96.7910735
48113008802,32.7102895,-96.7875068
48113008801,32.7188747,-96.7927092
48113008705,32.6864428,-96.7791217
48113008704,32.6951583,-96.7814755
48113008703,32.7030426,-96.7825885
48113008701,32.7008923,-96.7640319
48113017304,32.7503801,-96.5602315
48113011701,32.7121115,-96.6613022
48113011601,32.7072524,-96.7059222
48113011602,32.6921547,-96.6626173
48113009304,32.7171732,-96.6996966
48113009303,32.7209387,-96.7242418
48113009301,32.7286814,-96.6930624
48113009202,32.7273351,-96.6736675
48113009201,32.7419837,-96.67251
48113017102,32.6641838,-96.63268
48113009104,32.7454629,-96.6918433
48113007821,32.8734848,-96.7475389
48113007912,32.8615788,-96.7674673
48113007822,32.8768842,-96.7663931
48113007823,32.8924652,-96.7644299
48113019040,32.9323213,-96.7387195
48113019041,32.9287945,-96.7272011
48113013722,32.9799682,-96.8535275
48113013725,32.962635,-96.8463689
48113013803,32.9373488,-96.8621451
48113013804,32.9206555,-96.8611653
48113013901,32.9315311,-96.8960363
48113013902,32.9315146,-96.8816286
48113014001,32.9173308,-96.8865439
48113014002,32.9400375,-96.9236778
48113014103,32.8917158,-96.9844341
48113008604,32.7174152,-96.7700742
48113005902,32.6962613,-96.8186949
48113005901,32.6930871,-96.8082134
48113005700,32.6991472,-96.799898
48113005500,32.7251819,-96.7995404
48113005400,32.7273124,-96.8174397
48113004900,32.7365697,-96.805117
48113009101,32.7564851,-96.6943404
48113008500,32.7706206,-96.691452
48113008400,32.7753203,-96.7154292
48113008200,32.8388039,-96.6970996
48113008100,32.8228255,-96.7109461
48113008000,32.8378611,-96.7360189
48113013104,32.8834356,-96.7738864
48113013105,32.8925835,-96.77359
48113006401,32.7258759,-96.8635665
48113014130,32.9222447,-96.9448806
48113014138,32.8970538,-96.933894
48113014206,32.8663911,-96.9370111
48113016520,32.7036698,-96.9232763
48113010805,32.7115251,-96.8794147
48113010804,32.7132637,-96.8626793
48113006402,32.7274494,-96.873434
48113013620,32.9619562,-96.817005
48113013624,32.9470838,-96.8188066
48113014113,32.8602976,-97.0012003
48113014114,32.86125,-96.9941523
48113014115,32.8445283,-97.0003996
48113014116,32.8472393,-97.0151966
48113014119,32.9585722,-96.9846196
48113014120,32.9607899,-96.9669693
48113014121,32.958913,-96.9448755
48113014123,32.9774445,-96.9556913
48113014124,32.9177986,-96.9906614
48113004800,32.7436768,-96.81755
48113004100,32.7524603,-96.8034032
48113017003,32.6684919,-96.5384166
48113016903,32.5891919,-96.6664144
48113016902,32.6469983,-96.7003723
48113016802,32.5668364,-96.7786434
48113016703,32.6298669,-96.7788431
48113017305,32.7283875,-96.5360751
48113007903,32.850053,-96.7563889
48113007902,32.8480417,-96.7442803
48113012701,32.8521232,-96.6724365
48113007818,32.8671544,-96.7564983
48113007811,32.8989901,-96.7232123
48113007810,32.9066453,-96.7392017
48113013626,32.9352666,-96.8173762
48113001704,32.7939051,-96.8009704
48113000605,32.8104822,-96.8071673
48113000406,32.8359733,-96.8529643
48113980100,32.8455619,-96.849425
48113000606,32.8159774,-96.8010194
48113007914,32.8421574,-96.7694859
48113000401,32.8113683,-96.8294336
48113000404,32.819584,-96.8283003
48113000405,32.813462,-96.8205415
48113014126,32.9527578,-97.0094605
48113014203,32.8458405,-96.9458494
48113014204,32.8458864,-96.9234378
48113014302,32.8447799,-96.9689893
48113014306,32.8438638,-96.9845912
48113014307,32.8528421,-96.9559595
48113018123,32.9489095,-96.607409
48113009000,32.7612709,-96.6751448
48113019211,32.9694859,-96.7321527
48113019210,32.9810842,-96.7285178
48113019206,32.9742538,-96.7501012
48113019100,32.9486721,-96.7261111
48113019023,32.9500058,-96.6906873
48113019037,32.9657484,-96.690077
48113018002,32.8251363,-96.6369834
48113007809,32.8599333,-96.7400831
48113007815,32.879948,-96.7567463
48113007812,32.8883641,-96.7495638
48113007805,32.9020124,-96.7577756
48113004000,32.7459601,-96.766426
48113000500,32.8059309,-96.8122943
48113000601,32.8265057,-96.8225476
48113000603,32.8189872,-96.8101799
48113000701,32.8106978,-96.7954523
48113000702,32.8227094,-96.7886326
48113001701,32.7899075,-96.7951593
48113001800,32.8001934,-96.8036295
48113001900,32.7917046,-96.8090404
48113002000,32.7597444,-96.8173369
48113014308,32.8435903,-96.9549956
48113014309,32.8569586,-96.9895437
48113014310,32.8580258,-96.9849976
48113014403,32.8285903,-97.0192742
48113014405,32.8316428,-96.9854341
48113014406,32.8215559,-96.9847685
48113014407,32.8308682,-97.0006909
48113017811,32.8196511,-96.6044142
48113018001,32.8335679,-96.6446373
48113017812,32.8166672,-96.6217691
48113017807,32.8120978,-96.6400783
48113017804,32.7980258,-96.636072
48113017704,32.7755459,-96.6097638
48113017602,32.7708892,-96.6407055
48113017604,32.743028,-96.617534
48113003902,32.7484474,-96.7543229
48113003901,32.7599034,-96.7451821
48113003800,32.7576031,-96.7559946
48113003700,32.7630462,-96.7615226
48113003400,32.7589159,-96.7809362
48113012301,32.817453,-96.6747412
48113002702,32.7701729,-96.7507889
48113002701,32.7738368,-96.739615
48113012210,32.811057,-96.6915986
48113002100,32.784249,-96.8028979
48113003101,32.7798448,-96.7992744
48113004201,32.7584519,-96.8299088
48113004202,32.7553003,-96.8502176
48113004300,32.7725106,-96.8393198
48113004400,32.7603016,-96.8446803
48113004500,32.7439348,-96.8661076
48113014408,32.8195639,-96.9989271
48113014501,32.8315595,-96.9678091
48113014502,32.8221272,-96.9570553
48113014601,32.8332082,-96.9517721
48113014602,32.8263353,-96.9390858
48113014603,32.8223203,-96.9464697
48113014701,32.8335568,-96.9259338
48113014702,32.8248964,-96.9259709
48113014703,32.8187924,-96.9299661
48113014901,32.8118209,-96.9549855
48113014902,32.8116036,-96.9359164
48113017500,32.7580469,-96.6090247
48113017400,32.7554779,-96.5911674
48113016803,32.5960866,-96.7639838
48113019024,32.9382061,-96.6913572
48113019021,32.9378066,-96.6567809
48113019020,32.936807,-96.6757418
48113019033,32.9129,-96.6916931
48113019032,32.9203476,-96.6918455
48113019034,32.9211308,-96.7250924
48113019014,32.9238534,-96.6741805
48113002400,32.7939108,-96.7573363
48113011702,32.7050415,-96.6410121
48113001600,32.7979464,-96.7890632
48113001504,32.8003476,-96.7737126
48113001503,32.802911,-96.7769554
48113001502,32.7935764,-96.7692063
48113001400,32.8076818,-96.7617429
48113001302,32.8003388,-96.7628648
48113001301,32.8060919,-96.7527967
48113001202,32.8006261,-96.7353098
48113001204,32.7987176,-96.7483977
48113014127,32.9326897,-96.9781163
48113020700,32.9630895,-96.8711228
48113018501,32.8892281,-96.6710733
48113020000,32.9770024,-97.0174795
48113020200,32.6855296,-96.7107102
48113020100,32.8211903,-96.9125532
48113020600,32.8726895,-96.8216352
48113004600,32.7472866,-96.8434614
48113004700,32.7462987,-96.83023
48113005000,32.7384312,-96.8303581
48113005100,32.7362312,-96.842412
48113005200,32.7406038,-96.8507934
48113005300,32.7341224,-96.8602455
48113006001,32.7073493,-96.8357182
48113006002,32.6966562,-96.8279838
48113006100,32.698545,-96.848567
48113006200,32.7239994,-96.8330548
48113015000,32.7992264,-96.927862
48113015100,32.7957679,-96.950142
48113015202,32.8205373,-96.9707223
48113015204,32.791659,-96.9699893
48113015205,32.8123296,-96.9680192
48113015206,32.8052234,-96.9685048
48113015303,32.807333,-97.0252147
48113015304,32.7852499,-97.006089
48113019013,32.9128587,-96.6742771
48113001203,32.8026242,-96.7440785
48113019031,32.974462,-96.6794383
48113019029,32.9480766,-96.666461
48113019028,32.9561306,-96.6749103
48113019026,32.9378879,-96.6392329
48113019027,32.9571194,-96.6401798
48113019004,32.9261195,-96.6962442
48113001102,32.8179521,-96.7573709
48113000800,32.8078449,-96.7854163
48113001101,32.8156844,-96.7659906
48113001002,32.8155628,-96.7754602
48113001001,32.8211822,-96.776546
48113007804,32.9156922,-96.7570098
48113000900,32.8137285,-96.7811383
48113000300,32.8301656,-96.7761317
48113000202,32.8318688,-96.7662373
48113000201,32.8327403,-96.7571634
48113020500,32.7818987,-96.8633102
48113020300,32.7743,-96.7668089
48113020400,32.7717084,-96.7911232
48113019212,32.9343942,-96.7598281
48113001703,32.7995347,-96.7968999
48113010903,32.6764017,-96.8868307
48113012603,32.8408732,-96.6576767
48113007820,32.8673726,-96.7500504
48113007911,32.8614287,-96.759417
48113006301,32.713071,-96.8485394
48113006302,32.7251924,-96.8473774
48113006501,32.7300528,-96.8883306
48113006502,32.7225588,-96.8837859
48113006700,32.7442442,-96.8867307
48113006800,32.7538742,-96.8647377
48113006900,32.7622528,-96.8664039
48113007101,32.8443119,-96.8175334
48113015305,32.810085,-96.9854862
48113015306,32.792222,-96.9869534
48113015401,32.7705943,-97.021455
48113015403,32.7553692,-97.0242611
48113015404,32.7472841,-97.02775
48113015500,32.7519466,-97.006753
48113015600,32.7543061,-96.9850167
48113018900,32.9202083,-96.6572998
48113018802,32.9128808,-96.640615
48113018801,32.9247196,-96.6347491
48113018700,32.9016771,-96.6398746
48113018600,32.9017203,-96.6571903
48113018403,32.8611265,-96.6507495
48113018402,32.8716444,-96.6404469
48113018401,32.8710707,-96.6564631
48113000100,32.8166094,-96.7365761
48113017703,32.7857608,-96.6171515
48113017201,32.7246272,-96.6251422
48113017814,32.8022125,-96.6029404
48113011900,32.7415148,-96.6474452
48113011800,32.7273653,-96.6475439
48113002500,32.7853521,-96.7452468
48113018135,32.8813863,-96.5311475
48113016622,32.5547762,-96.8392934
48113016624,32.5656359,-96.9171362
48113013726,32.9449052,-96.848552
48113019213,32.9365339,-96.754721
48113019038,32.971347,-96.7096657
48113019039,32.946556,-96.7074482
48113007102,32.8431578,-96.8284897
48113007201,32.8592616,-96.8740141
48113007202,32.8618882,-96.8652627
48113007301,32.8595008,-96.813724
48113007302,32.8593389,-96.8345017
48113007601,32.8876783,-96.8294995
48113007604,32.8873452,-96.7953727
48113007605,32.8879061,-96.8106441
48113007700,32.8726561,-96.7954108
48113015700,32.7586158,-96.9661769
48113015800,32.7570443,-96.94349
48113016001,32.7368834,-97.0095054
48113016002,32.7359154,-97.001915
48113016100,32.7254956,-97.0252005
48113016201,32.7267005,-97.0030138
48113016202,32.7149869,-97.0046111
48113018300,32.8859359,-96.643061
48113018206,32.8844288,-96.6268391
48113018204,32.9018464,-96.6257147
48113018205,32.8887332,-96.6158652
48113018132,32.8361747,-96.5761895
48113018130,32.8361985,-96.6257795
48113018129,32.8429947,-96.6132597
48113018127,32.8529348,-96.6393291
48113019025,32.9463108,-96.6297022
48113018126,32.8587846,-96.6299976
48113018124,32.9379892,-96.5431663
48113018104,32.8005099,-96.5475634
48113017808,32.8291502,-96.6067159
48113017702,32.7762547,-96.5824878
48113017306,32.7262114,-96.5813147
48113017303,32.7561224,-96.576107
48113019042,32.9736501,-96.6507078
48113019043,32.971026,-96.6191959
48113018140,32.9167077,-96.5640095
48113018134,32.9021915,-96.5268521
48113018139,32.9268346,-96.5799406
48113018138,32.8508971,-96.582081
48113018137,32.8608722,-96.5533804
48113018133,32.8976698,-96.5661319
48113018136,32.8803376,-96.5665035
48113007801,32.8731554,-96.7776351
48113007906,32.8603075,-96.775708
48113009401,32.8718773,-96.8520177
48113009402,32.8712053,-96.8431695
48113009500,32.8877124,-96.8473457
48113009603,32.9174232,-96.8278434
48113009604,32.9195766,-96.8092909
48113009605,32.912242,-96.8674936
48113009607,32.9026083,-96.8640984
48113016301,32.7166258,-96.9790594
48113016302,32.7154768,-96.9900356
48113016401,32.6941902,-97.024465
48113016406,32.7033912,-97.0098443
48113016407,32.7040966,-96.9957817
48113016408,32.6953623,-96.991752
48113016409,32.6813268,-96.9872695
48113016410,32.6665419,-97.0264386
48113016411,32.6138458,-97.0253352
48113018111,32.8677534,-96.6183123
48113018121,32.9185035,-96.6030845
48113018203,32.9022201,-96.6062911
48113018105,32.9196604,-96.6209333
48113019205,32.9738902,-96.7601189
48113019019,32.9129002,-96.7121232
48113017301,32.712757,-96.5914649
48113017202,32.7223066,-96.6122343
48113017101,32.6957713,-96.6036327
48113017004,32.6857852,-96.5800978
48113017001,32.6205274,-96.5864355
48113008603,32.7358338,-96.7726105
48113018141,32.8643827,-96.5397248
48113018142,32.8387857,-96.5453644
48113007913,32.8483159,-96.7671237
48113016623,32.5626352,-96.8791489
48113016621,32.56843,-96.8418953
48113016626,32.5841296,-96.9420644
48113016625,32.6027505,-96.9163638
48113009608,32.9159703,-96.8462663
48113009609,32.902384,-96.847291
48113009610,32.9027823,-96.885631
48113009611,32.9021569,-96.8765214
48113009701,32.8879437,-96.8771563
48113009702,32.8885622,-96.8626297
48113009802,32.8717281,-96.8601617
48113009803,32.87597,-96.8751948
48113009804,32.8701843,-96.8716044
48113009900,32.8785296,-96.9088795
48113010000,32.8114382,-96.8619615
48113010101,32.7878258,-96.8488369
48113016502,32.66912,-96.9085695
48113016509,32.6313277,-96.9179937
48113016510,32.644458,-96.967176
48113016511,32.6256814,-96.9474922
48113016513,32.6352862,-96.9335437
48113016514,32.6174256,-96.948296
48113016516,32.6543642,-96.8999549
48113016517,32.6397939,-96.9002882
48113019018,32.9252684,-96.7113834
48113019036,32.982053,-96.6947013
48113019035,32.9126079,-96.7259061
48113019016,32.9193536,-96.7418763
48113018503,32.9063613,-96.7226349
48113018118,32.8621285,-96.5853903
48113018128,32.8543362,-96.606016
48113018110,32.8828347,-96.6009298
48113016523,32.565983,-96.987659
48113016522,32.6016896,-96.9814312
48113014311,32.8807244,-96.9689295
48113014129,32.9219216,-96.9676708
48113014128,32.9342794,-96.9594948
48113014136,32.9010855,-96.9763565
48113010102,32.7831076,-96.8346996
48113010500,32.7768468,-96.8875949
48113010601,32.7874552,-96.8979923
48113010602,32.7740423,-96.9156261
48113010701,32.7597829,-96.8991878
48113010703,32.7286065,-96.9340696
48113016518,32.654336,-96.9194169
48113016519,32.6548606,-96.9344444
48113016605,32.6366306,-96.8482482
48113016606,32.629173,-96.8870084
48113016607,32.652954,-96.8863684
48113016610,32.6112913,-96.8320571
48113016611,32.5823059,-96.8384144
48113016612,32.5855988,-96.8863516
48121021627,33.0449556,-96.8498223
48121021626,33.0754244,-96.8483323
48121020105,33.2531327,-96.9125611
48121020113,33.178657,-96.9134385
48121020108,33.1989165,-96.9229638
48121020104,33.3335135,-96.8955596
48121020110,33.1840918,-96.8776028
48121020111,33.1724794,-96.8726592
48121020109,33.1953648,-96.8585601
48121021753,33.0052619,-97.0857879
48121021403,33.1113136,-97.0197217
48121020602,33.2227402,-97.1002798
48121021100,33.2104184,-97.1348763
48121021611,32.9944418,-96.8984477
48121021727,33.0008444,-97.0494052
48121021742,33.0333319,-97.0340775
48121021724,33.028846,-97.0504478
48121021743,33.0387014,-97.0278504
48121021637,32.9942514,-96.8606829
48121021638,32.9946561,-96.8697722
48121021634,33.0066541,-96.8530913
48121021635,33.0023345,-96.8479734
48121021632,33.0183595,-96.8562812
48121021628,33.0306575,-96.8738703
48121021633,33.0181501,-96.8780283
48121021630,33.0214457,-96.9079432
48121021631,33.0174867,-96.8945271
48121021739,33.0193873,-96.9875048
48121021740,33.0223646,-97.0013819
48121021741,33.0233782,-97.0166682
48121021730,33.0157816,-97.0255228
48121021723,33.0238605,-97.032297
48121021524,33.1116425,-96.858836
48121021523,33.1023714,-96.8644827
48121021521,33.0934641,-96.8884498
48121021621,32.9961728,-96.9230605
48121021629,33.0337306,-96.8963955
48121021622,33.007083,-96.9267193
48121021620,33.0067256,-96.9599107
48121021519,33.083543,-96.871611
48121021518,33.0797781,-96.9067256
48121021625,33.056145,-96.8817843
48121021623,33.0231163,-96.9288133
48121021516,33.0932829,-96.9113487
48121021720,33.0657868,-97.052508
48121021721,33.0554681,-97.0527855
48121021715,33.061791,-97.0346004
48121021717,33.049816,-97.0360666
48121021514,33.081997,-97.0606613
48121021619,33.0297896,-96.9646371
48121021624,33.0360652,-96.9507058
48121021716,33.052519,-97.0188524
48121021744,33.0396983,-97.0119091
48121021745,33.0317334,-97.005686
48121021517,33.0627618,-96.9287383
48121021513,33.0903134,-97.0416326
48121021618,33.0471278,-96.9984046
48121021303,33.1658115,-97.099433
48121021800,33.0991505,-96.848415
48121021526,33.1646336,-96.8516899
48121021512,33.1156345,-97.1016183
48121021408,33.1326842,-97.0682187
48121021202,33.2037782,-97.1181245
48121021305,33.1843584,-97.1176062
48121021750,33.0254007,-97.1101449
48121021747,33.0567814,-97.0688708
48121021719,33.0852603,-97.0899639
48121021636,32.9924273,-96.8494488
48121021520,33.0907427,-96.881194
48121021752,33.0243953,-97.084327
48121021751,33.0281403,-97.0983774
48121021749,33.0550191,-97.1019043
48121021748,33.0452844,-97.0800992
48121021722,33.0449489,-97.0565458
48121020306,33.0012748,-97.255649
48121020307,33.0314845,-97.2088044
48121021746,33.0672885,-97.1183894
48121021718,33.0965882,-97.1219545
48121021304,33.1732652,-97.1345969
48121020308,33.0439289,-97.3331914
48121020309,33.1458708,-97.3229658
48121020505,33.2423511,-97.1074231
48121020504,33.2744955,-97.1187172
48121021404,33.1544627,-97.0357988
48121020506,33.2537974,-97.0711428
48121021409,33.1502277,-97.0725102
48121020114,33.1622949,-96.9335974
48121021527,33.1598948,-96.8774618
48121021515,33.118918,-96.9267923
48121021725,33.0264632,-97.0659816
48121020310,33.1723214,-97.2329479
48121021407,33.1466258,-97.0957326
48121021201,33.2014931,-97.1005188
48121021406,33.1541161,-97.1144366
48121020503,33.2455592,-97.1250549
48121020112,33.1729111,-96.8899875
48121021522,33.1142332,-96.8799906
48121021525,33.1405516,-96.8741445
48121021900,33.1276452,-96.8551045
48121021405,33.2023363,-97.05932
48121020115,33.1496551,-96.9806746
48121020107,33.203663,-96.9958014
48121020205,33.3225703,-97.0791184
48121020106,33.2500859,-96.9945363
48121020103,33.342441,-96.9976299
48121020204,33.3900076,-97.2403075
48121021616,33.006446,-96.8638802
48121021612,33.0053579,-96.9043812
48121021726,33.0168459,-97.0588079
48121021729,33.0146529,-97.0381436
48121021731,33.0123021,-97.0124797
48121021732,33.0135129,-96.9987734
48121021734,33.0118098,-96.9902903
48121021733,33.0072132,-96.9987144
48121021301,33.1982922,-97.1289269
48121021615,32.9954392,-96.8794363
48121021502,33.0690975,-96.9965822
48121021614,33.0061633,-96.8824585
48121020900,33.2021005,-97.1584317
48121020305,33.0159833,-97.1353834
48121021613,33.0051408,-96.892378
48121020800,33.1983699,-97.17729
48121021000,33.2055731,-97.1468638
48121021735,33.0077458,-96.9830573
48121021736,33.0005111,-96.9879614
48121021738,32.9959627,-96.9671793
48121021737,32.9931812,-96.9919451
48121021728,32.9979543,-97.0111203
48121020203,33.3521433,-97.1461453
48121020403,33.2242943,-97.1525178
48121020303,33.0979285,-97.1759719
48121020700,33.2169339,-97.1507821
48121020402,33.2428384,-97.1595552
48121020202,33.2925807,-97.2957797
48121020601,33.2275245,-97.1207277
48121020401,33.2684965,-97.1838367
48121021505,33.0746109,-97.0299644
48139060209,32.4869014,-96.8680606
48139060210,32.4277985,-96.7569321
48139060212,32.4398391,-96.8281866
48139060208,32.4047188,-96.7886757
48139060701,32.5204815,-97.0447114
48139060803,32.4810119,-97.0675212
48139060802,32.4369275,-97.0391317
48139060703,32.5262302,-97.0031663
48139060214,32.5066187,-96.9205656
48139060702,32.5087618,-96.9578135
48139060801,32.4368687,-96.9699026
48139060211,32.4216248,-96.9034592
48139060213,32.4702584,-96.7962151
48139060600,32.4104555,-96.8518009
48139060300,32.4043395,-96.8280034
48139061200,32.2111227,-96.7528266
48139061100,32.311058,-96.8462922
48139060500,32.3874715,-96.8603332
48139060400,32.3607705,-96.8256524
48139060207,32.5187416,-96.7765119
48139060206,32.5243083,-96.8151656
48139060900,32.3304659,-96.9829907
48139061000,32.1754791,-96.9272062
48139060102,32.465996,-96.6450293
48139060204,32.5255684,-96.8561983
48139061700,32.350298,-96.5182328
48139061600,32.345436,-96.6160306
48139061500,32.3070783,-96.6320723
48139061400,32.3407016,-96.6541943
48139061300,32.3268223,-96.6924919
48139060101,32.5211224,-96.6696794
48231961501,32.8804409,-96.2276136
48231961502,32.9506454,-96.2277304
48231961503,32.9428472,-96.0956972
48231961200,33.1081539,-96.0855072
48231961100,33.051133,-96.0410842
48231961000,33.1330841,-96.0858691
48231960800,33.1513543,-96.1417668
48231960400,33.1931461,-96.0939083
48231960600,33.2386233,-95.9058054
48231960500,33.2441359,-95.885803
48231960100,33.3100983,-95.9453378
48231960300,33.2859063,-96.2087324
48231961400,33.0787546,-96.2468093
48231960200,33.349615,-96.0579394
48231961700,32.8460206,-96.0472174
48231961600,32.8963835,-96.0555079
48231960700,33.0825024,-95.9346065
48231960900,33.1317636,-96.1239084
48231961300,33.0667214,-96.1509124
48251130204,32.5408983,-97.3494113
48251130500,32.2879574,-97.2131878
48251130100,32.4189861,-97.5498676
48251130205,32.548775,-97.3354443
48251131100,32.3437361,-97.4032408
48251130700,32.3587783,-97.4036242
48251131000,32.3307396,-97.3998122
48251130900,32.3587902,-97.3745701
48251130800,32.3658084,-97.3900698
48251130405,32.5296455,-97.227433
48251130302,32.3901661,-97.4285542
48251130208,32.5250413,-97.3265064
48251130207,32.5159188,-97.3072105
48251130409,32.3955979,-97.2571151
48251130408,32.4276183,-97.1177286
48251130410,32.420941,-97.1960963
48251130406,32.494754,-97.2440193
48251130407,32.5092611,-97.1549469
48251130214,32.4788603,-97.399398
48251130601,32.243303,-97.4258167
48251130303,32.3664413,-97.3246657
48251130211,32.4778084,-97.3310411
48251130215,32.5290842,-97.3902696
48251130304,32.3961642,-97.3524885
48251130210,32.4495084,-97.3377805
48251130212,32.521689,-97.4618843
48251130602,32.2535479,-97.5237736
48251130213,32.4607803,-97.4558063
48257050703,32.559115,-96.1595732
48257050204,32.752373,-96.395966
48257050205,32.789169,-96.4370896
48257051201,32.4817043,-96.2026436
48257051202,32.4688068,-96.3540317
48257050704,32.6403494,-96.1703456
48257050203,32.6855676,-96.4212423
48257050206,32.7099691,-96.4595062
48257051000,32.6009949,-96.2984428
48257050300,32.7478359,-96.3116636
48257050600,32.7463688,-96.2080486
48257050800,32.576205,-96.4595865
48257050400,32.766685,-96.274905
48257051100,32.5754084,-96.3058284
48257050500,32.7230525,-96.2917314
48257051300,32.3840327,-96.2334298
48257050201,32.7601107,-96.5000125
48257050701,32.6447621,-96.33988
48367140101,32.7538452,-97.75567
48367140408,32.8909113,-97.5932234
48367140705,32.7630548,-97.7013697
48367140703,32.7207711,-97.6766085
48367140704,32.6439227,-97.6641013
48367140706,32.7276807,-97.5689993
48367140409,32.9135805,-97.6374712
48367140410,32.9402071,-97.7536003
48367140501,32.905863,-97.8400758
48367140102,32.7729795,-97.7854221
48367140411,32.8686394,-97.7162753
48367140502,32.8840133,-97.969185
48367140403,32.9737357,-97.6750206
48367140407,32.8321704,-97.647641
48367140200,32.7406423,-97.7934517
48367140602,32.6246652,-97.8661118
48367140300,32.7544822,-97.8249798
48367140601,32.7205108,-97.953466
48367140405,32.9484093,-97.5805151
48397040401,32.931786,-96.3404727
48397040505,32.8731924,-96.3539216
48397040503,32.8819778,-96.4542935
48397040506,32.8421384,-96.4045096
48397040101,32.940187,-96.4805699
48397040504,32.8275795,-96.4999775
48397040402,32.9632902,-96.3893183
48397040102,32.9549651,-96.4827022
48397040302,32.9181031,-96.4554215
48397040301,32.9051212,-96.5085955
48397040200,32.9582196,-96.4414185
48439105007,32.8511261,-97.3060335
48439113926,32.9259478,-97.3259154
48439105008,32.849997,-97.3250652
48439114008,32.8548651,-97.3912895
48439105902,32.679096,-97.2929281
48439104702,32.6741433,-97.33302
48439104803,32.6957215,-97.3460205
48439111104,32.6708772,-97.2749404
48439110202,32.8023543,-97.2818393
48439110203,32.8515773,-97.2818488
48439110204,32.8247798,-97.281696
48439110301,32.7932407,-97.2571967
48439110302,32.7877753,-97.2825174
48439110401,32.8122922,-97.4342858
48439110402,32.8027477,-97.4020482
48439110500,32.7765867,-97.3987206
48439113404,32.8313603,-97.1760128
48439113405,32.8152719,-97.1996598
48439113407,32.8150822,-97.158651
48439113408,32.8153261,-97.1761869
48439111306,32.567787,-97.1603651
48439111202,32.6305482,-97.2829368
48439103601,32.7261058,-97.2474764
48439103602,32.7262158,-97.2311919
48439121605,32.7473711,-97.1259364
48439121606,32.7182089,-97.1875588
48439121608,32.7004469,-97.1898786
48439121609,32.6893777,-97.2140987
48439121610,32.6877204,-97.1942982
48439121611,32.6758812,-97.2110189
48439121702,32.7479156,-97.0830018
48439121703,32.7513612,-97.1152527
48439113520,32.8720489,-97.0740952
48439113519,32.872794,-97.0899815
48439113221,32.8538404,-97.2026657
48439113220,32.840823,-97.2044955
48439113923,32.8832258,-97.3102147
48439113925,32.8784617,-97.2959317
48439113924,32.8855523,-97.3000078
48439113102,32.7931793,-97.1250033
48439113104,32.7778326,-97.0884396
48439113107,32.7697027,-97.1190276
48439113108,32.7684903,-97.1330818
48439113110,32.7673017,-97.0913289
48439113111,32.7671793,-97.1017531
48439103701,32.7228854,-97.2801287
48439103702,32.7233734,-97.2634647
48439104601,32.7115226,-97.2700833
48439104602,32.6991526,-97.2726468
48439104603,32.6854512,-97.2702155
48439104605,32.6956316,-97.2933408
48439106001,32.6456856,-97.332339
48439121704,32.752824,-97.1041093
48439122100,32.7323195,-97.0832414
48439122200,32.7403552,-97.1081888
48439122300,32.7329718,-97.1098455
48439122400,32.7263718,-97.1175556
48439122700,32.7139673,-97.1234654
48439122900,32.7135624,-97.0889777
48439111529,32.6975651,-97.1752687
48439113919,32.883636,-97.2798531
48439104804,32.6901894,-97.3562098
48439113927,32.9697586,-97.2851202
48439113929,32.9465727,-97.268515
48439113928,32.9691445,-97.251296
48439110807,32.7300999,-97.5133866
48439110808,32.6704214,-97.5204623
48439102601,32.7277366,-97.3959713
48439113112,32.7690099,-97.1098027
48439113206,32.8206439,-97.2504072
48439113207,32.8871682,-97.2249486
48439113210,32.8828803,-97.2022891
48439113212,32.8324262,-97.2445411
48439113213,32.8312033,-97.2219902
48439113214,32.8714195,-97.2341068
48439106002,32.6480468,-97.2978643
48439106004,32.6200583,-97.2749338
48439106101,32.6910481,-97.2507308
48439106102,32.6766027,-97.2510375
48439106201,32.7080074,-97.2586626
48439106202,32.7070415,-97.2463868
48439106300,32.7154679,-97.2384634
48439111545,32.6941657,-97.1591249
48439111513,32.6669835,-97.0749765
48439111536,32.6987741,-97.0495756
48439111537,32.6840197,-97.0494954
48439111538,32.6715309,-97.0493895
48439111539,32.6570144,-97.0502415
48439113001,32.7846128,-97.0486854
48439113002,32.743015,-97.0492068
48439102602,32.7304474,-97.3813856
48439113921,32.9157259,-97.2695153
48439113815,32.9137827,-97.2043705
48439113816,32.9196373,-97.236732
48439113812,32.9033817,-97.2470186
48439113813,32.9043933,-97.2224132
48439111103,32.6685403,-97.2585955
48439114103,32.9381724,-97.3704322
48439114104,32.955226,-97.4646181
48439113215,32.8707912,-97.2191852
48439113216,32.8537437,-97.2277052
48439113217,32.8433537,-97.2224594
48439113218,32.8658983,-97.1951798
48439113301,32.8144518,-97.2264805
48439113302,32.803884,-97.2306971
48439113403,32.8301448,-97.1944872
48439106400,32.6937042,-97.2342617
48439111005,32.6239642,-97.3384526
48439111102,32.6545857,-97.2634449
48439111013,32.5954753,-97.3382065
48439105703,32.654737,-97.3639703
48439111003,32.655616,-97.340516
48439105800,32.6653855,-97.3427868
48439111404,32.6424539,-97.2012734
48439111405,32.6336509,-97.2305145
48439111532,32.6588954,-97.1975911
48439111304,32.5931368,-97.1252901
48439111506,32.7157592,-97.1616081
48439111526,32.7031354,-97.1346428
48439114206,32.8419898,-97.5114725
48439110806,32.7550033,-97.5189659
48439114207,32.7870087,-97.5238563
48439110600,32.7596106,-97.4242496
48439100101,32.7877211,-97.3002591
48439100102,32.7833771,-97.3120559
48439100201,32.8029823,-97.3317412
48439104503,32.6914446,-97.3261541
48439104502,32.7067531,-97.3257756
48439104802,32.6742112,-97.3505971
48439105701,32.663468,-97.3611452
48439104300,32.7109952,-97.3520361
48439104202,32.6947187,-97.3691055
48439104100,32.7232203,-97.3376555
48439111008,32.5831768,-97.3743459
48439122500,32.7280534,-97.1402894
48439122600,32.7143456,-97.1401561
48439111301,32.5814589,-97.207774
48439100202,32.7958917,-97.3383201
48439100300,32.8165032,-97.3595319
48439100400,32.7883475,-97.3650377
48439100501,32.8116138,-97.3849273
48439100502,32.7930907,-97.3862613
48439100601,32.8117524,-97.4726065
48439100602,32.7754086,-97.435599
48439100700,32.7690463,-97.3864743
48439105511,32.6376772,-97.3726359
48439105512,32.6452495,-97.3836428
48439105508,32.6547731,-97.4169395
48439105600,32.6767057,-97.3670748
48439105510,32.6358838,-97.4032769
48439105503,32.6533881,-97.3970221
48439111313,32.5744021,-97.0620617
48439123400,32.7353682,-97.337944
48439123500,32.7253379,-97.317239
48439123600,32.7301749,-97.3283055
48439123000,32.7435262,-97.4226182
48439123300,32.7478282,-97.3382653
48439100800,32.7730753,-97.3581592
48439100900,32.7801213,-97.3473996
48439101201,32.7795219,-97.2457543
48439101202,32.7677939,-97.2930926
48439101301,32.741525,-97.216043
48439101302,32.7267182,-97.2169237
48439101401,32.7554223,-97.2482006
48439105704,32.6418767,-97.3591886
48439105405,32.7005209,-97.4015218
48439111011,32.6154521,-97.3744955
48439102500,32.7216815,-97.4044219
48439102401,32.7226072,-97.4182732
48439110903,32.6882591,-97.4181191
48439123200,32.77076,-97.3285656
48439105901,32.6769963,-97.3195276
48439111314,32.5568651,-97.0687139
48439111309,32.5577264,-97.1255129
48439111549,32.5966335,-97.0538989
48439121903,32.717753,-97.0500662
48439110809,32.662524,-97.4974952
48439111203,32.5890524,-97.2878381
48439111017,32.6094916,-97.4183707
48439114007,32.8377825,-97.404782
48439101402,32.738967,-97.2615261
48439101403,32.7385748,-97.2443889
48439101500,32.7461255,-97.2764182
48439123100,32.7385976,-97.3086955
48439101700,32.7547953,-97.3132291
48439102000,32.749691,-97.3574318
48439105406,32.6980185,-97.4235508
48439105404,32.6852165,-97.3838627
48439102402,32.7113931,-97.4308231
48439105203,32.7207309,-97.4680893
48439105201,32.7309919,-97.4585242
48439105205,32.7311202,-97.4704996
48439105204,32.7313925,-97.4776038
48439113922,32.9182367,-97.301286
48439113918,32.8705118,-97.2854661
48439104701,32.6917621,-97.336037
48439113633,32.8872488,-97.1135736
48439113710,32.9620341,-97.0957597
48439113711,32.9471743,-97.0980356
48439102100,32.7624384,-97.3703727
48439102201,32.7534125,-97.3856388
48439102202,32.7394411,-97.3951047
48439102700,32.7408091,-97.376175
48439102800,32.7301789,-97.3512609
48439110907,32.6730541,-97.4788759
48439111012,32.6247305,-97.3622778
48439102301,32.727584,-97.4407587
48439110906,32.6526755,-97.4772939
48439105502,32.6628168,-97.3792947
48439102302,32.7044803,-97.4467173
48439110905,32.6759835,-97.4357129
48439105507,32.6657764,-97.432313
48439113632,32.9026756,-97.1166858
48439113634,32.8958584,-97.1351737
48439113631,32.9116818,-97.1057528
48439113814,32.899233,-97.1982234
48439113113,32.8005143,-97.0585952
48439113116,32.779894,-97.0650342
48439113115,32.772392,-97.0689351
48439122002,32.7315705,-97.0713914
48439122001,32.7243834,-97.0713918
48439103500,32.733049,-97.2817878
48439103800,32.7213057,-97.3023798
48439104201,32.713321,-97.3630405
48439113509,32.844812,-97.0913342
48439113510,32.8444548,-97.0719023
48439113511,32.8237169,-97.1149563
48439104400,32.7084071,-97.3378145
48439110704,32.7476586,-97.4503717
48439110703,32.7480948,-97.4703101
48439110901,32.7044193,-97.4569965
48439111010,32.5997435,-97.487359
48439105505,32.6710648,-97.3934362
48439110701,32.7662583,-97.4641792
48439111552,32.693685,-97.139383
48439122801,32.7140738,-97.1118772
48439122802,32.7132908,-97.1035323
48439111553,32.682416,-97.1398974
48439121905,32.7096092,-97.0720855
48439121904,32.7213866,-97.058458
48439121906,32.7169463,-97.0712557
48439113512,32.8310793,-97.1218463
48439113513,32.8292289,-97.0787218
48439113514,32.831336,-97.0919384
48439113516,32.861759,-97.0885568
48439113607,32.8323965,-97.1598759
48439113610,32.904808,-97.1620865
48439113611,32.8709493,-97.1785732
48439113626,32.8564977,-97.1460524
48439113627,32.8482999,-97.1165456
48439113628,32.8411419,-97.1168439
48439113629,32.8411125,-97.1400463
48439113630,32.8468209,-97.1401966
48439113703,32.9651715,-97.0740545
48439113705,32.9290869,-97.0900923
48439113707,32.9670167,-97.1086664
48439111308,32.5747441,-97.1302706
48439111547,32.6352039,-97.0831039
48439111310,32.6082493,-97.0894165
48439111548,32.6239995,-97.0632815
48439111406,32.6041536,-97.1598784
48439111307,32.5847289,-97.1458461
48439113612,32.8576703,-97.1708358
48439113613,32.8457274,-97.1769237
48439113618,32.8297732,-97.1441046
48439113619,32.8176511,-97.1456453
48439113622,32.877326,-97.1324831
48439113623,32.8625501,-97.1148929
48439113803,32.8873242,-97.2492779
48439113808,32.8747112,-97.2484092
48439113809,32.8655139,-97.2526875
48439113810,32.8550684,-97.250046
48439113811,32.8434225,-97.2545061
48439113906,32.9585485,-97.1704769
48439113907,32.9684688,-97.1376857
48439113908,32.9342278,-97.1717269
48439113909,32.9343316,-97.1382298
48439113910,32.9654669,-97.2193301
48439113911,32.9371799,-97.2360411
48439113912,32.9366187,-97.201632
48439111312,32.5633213,-97.1009484
48439111311,32.5953019,-97.1012751
48439111551,32.6040049,-97.1341105
48439111409,32.6356606,-97.1547822
48439111408,32.6284848,-97.1912571
48439111550,32.6182995,-97.1197873
48439111407,32.6237395,-97.1396499
48439113624,32.8555781,-97.1158214
48439113625,32.8637967,-97.1454787
48439104504,32.6915446,-97.3108519
48439104505,32.7082367,-97.3121071
48439104604,32.7118108,-97.2886112
48439104900,32.8023545,-97.2978871
48439113916,32.8669353,-97.2983622
48439114003,32.8781023,-97.3579353
48439114005,32.8679642,-97.3807712
48439114006,32.8534421,-97.3747186
48439114102,32.8783674,-97.4770725
48439114203,32.9483528,-97.5230053
48439114204,32.8951068,-97.5246229
48439114205,32.8711969,-97.5292367
48439121601,32.7400012,-97.1588606
48439111015,32.569919,-97.35237
48439110805,32.7497279,-97.4924649
48439113920,32.8856302,-97.2660901
48439113917,32.8676373,-97.2727435
48439113709,32.8916569,-97.089151
48439980000,32.8982228,-97.0528493
48439113518,32.8572698,-97.0687961
48439105001,32.8278886,-97.3433773
48439105006,32.8178804,-97.3189928
48439105403,32.7166577,-97.3738906
48439106502,32.7530613,-97.2269515
48439106503,32.752467,-97.2083264
48439106507,32.7641886,-97.2492064
48439106509,32.7844649,-97.1588166
48439121604,32.7490861,-97.1364413
48439111402,32.6424571,-97.169682
48439111505,32.7316361,-97.1574881
48439111514,32.6632904,-97.0842148
48439111516,32.666147,-97.1245117
48439111521,32.6987274,-97.0717202
48439111522,32.6989216,-97.0891636
48439111523,32.6847201,-97.0772743
48439113517,32.8552547,-97.0793331
48439113114,32.800105,-97.083347
48439106518,32.8230306,-97.0462657
48439106517,32.8160376,-97.0975719
48439111016,32.5633109,-97.3353382
48439106510,32.785395,-97.1958036
48439106511,32.7695767,-97.1918406
48439106512,32.7525367,-97.1905309
48439106513,32.7370133,-97.1904767
48439106514,32.7509863,-97.174681
48439106515,32.7720688,-97.2279449
48439111524,32.6982392,-97.1107856
48439111525,32.683391,-97.1086153
48439111530,32.6687072,-97.1518437
48439111531,32.6686995,-97.1774684
48439111533,32.6543964,-97.1488962
48439111534,32.654812,-97.1781934
48439111204,32.5648514,-97.2773026
48439111018,32.5737615,-97.4262293
48439105513,32.6687083,-97.4148467
48439105514,32.6751808,-97.4050542
48439106516,32.7654363,-97.2219007
48439106600,32.802429,-97.4275168
48439106700,32.8457011,-97.4554728
48439110101,32.8292769,-97.2627833
48439110102,32.8078408,-97.2656694
48439111540,32.6650761,-97.0968145
48439111541,32.65184,-97.1088589
48439111542,32.6356137,-97.1087572
48439111543,32.6502089,-97.1249656
48439111544,32.6355962,-97.1252076
48439111546,32.6790224,-97.1756601
48439113109,32.7658038,-97.0759268
48497150603,33.0160194,-97.4605417
48497150602,33.096733,-97.4699177
48497150601,33.0409723,-97.6265546
48497150300,33.3807431,-97.65515
48497150500,33.2063764,-97.732068
48497150403,33.1343662,-97.7053674
48497150200,33.2502413,-97.5821369
48497150102,33.1895913,-97.5410479
48497150401,33.310078,-97.8203797
48497150402,33.0846982,-97.8467194
48497150101,33.3295131,-97.5223686